V1,V2,V3,V4,V5,V6,V7,V8,V9,V10,V11,V12,V13,V14,V15,V16,V17,V18,V19,V20,V21,V22,V23,V24,V25,V26,V27,V28,V29,V30,V31,V32,V33,V34,V35,V36,V37,V38,V39,V40,V41,V42,V43,V44,V45,V46,V47,V48,V49,V50,V51,V52,V53,V54,V55,V56,V57,V58,V59,V60,V61,V62,V63,V64,V65,V66,V67,V68,V69,V70,V71,V72,V73,V74,V75,V76,V77,V78,V79,V80,V81,V82,V83,V84,V85,V86,V87,V88,V89,V90,V91,V92,V93,V94,V95,V96,V97,V98,V99,V100,V101,V102,V103,V104,V105,V106,V107,V108,V109,V110,V111,V112,V113,V114,V115,V116,V117,V118,V119,V120,V121,V122,V123,V124,V125,V126,V127,V128,LocationLatitude,LocationLongitude,LocationAccuracy,
ResponseID,ResponseSet,Name,ExternalDataReference,EmailAddress,IPAddress,Status,StartDate,EndDate,Finished,random,Timing-First Click,Timing-Last Click,"Timing-#QuestionText, TimingPageSubmit#","Timing-#QuestionText, TimingClickCount#",What is your highest level of education completed?,Timing-First Click,Timing-Last Click,"Timing-#QuestionText, TimingPageSubmit#","Timing-#QuestionText, TimingClickCount#",Please rate your skill in mathematics:-1 (Not at all proficient) -------------------------------------------- 5 (Highly proficient),Timing-First Click,Timing-Last Click,"Timing-#QuestionText, TimingPageSubmit#","Timing-#QuestionText, TimingClickCount#",Please rate your English reading skills:-1 (Not at all proficient) -------------------------------------------- 5 (Highly proficient),Timing-First Click,Timing-Last Click,"Timing-#QuestionText, TimingPageSubmit#","Timing-#QuestionText, TimingClickCount#",Please rate your English listening skills:-1 (Not at all proficient) -------------------------------------------- 5 (Highly proficient),Timing-First Click,Timing-Last Click,"Timing-#QuestionText, TimingPageSubmit#","Timing-#QuestionText, TimingClickCount#",What is your age in years?,Timing-First Click,Timing-Last Click,"Timing-#QuestionText, TimingPageSubmit#","Timing-#QuestionText, TimingClickCount#",What is your gender?,Timing-First Click,Timing-Last Click,"Timing-#QuestionText, TimingPageSubmit#","Timing-#QuestionText, TimingClickCount#",What is your country of birth?,Timing-First Click,Timing-Last Click,"Timing-#QuestionText, TimingPageSubmit#","Timing-#QuestionText, TimingClickCount#",What is your country of residence?,Your Survey Is about to begin. You will have 90 seconds to answer each question. Please have a pe...,Timing-First Click,Timing-Last Click,"Timing-#QuestionText, TimingPageSubmit#","Timing-#QuestionText, TimingClickCount#","You are at the pet shelter, and you can adopt 2 kittens! The shelter has 5 kittens available for...",Timing-First Click,Timing-Last Click,"Timing-#QuestionText, TimingPageSubmit#","Timing-#QuestionText, TimingClickCount#","You have 5 friends who want to play Monopoly with you. Unfortunately, you can only play with 3 fr...",Timing-First Click,Timing-Last Click,"Timing-#QuestionText, TimingPageSubmit#","Timing-#QuestionText, TimingClickCount#","You just got a free ticket for a boat ride, and you can bring along 2 friends! Unfortunately, you...",Timing-First Click,Timing-Last Click,"Timing-#QuestionText, TimingPageSubmit#","Timing-#QuestionText, TimingClickCount#","Jamie is planning a trip to Italy and is deciding between 5 different towns to visit, but only 3...",Timing-First Click,Timing-Last Click,"Timing-#QuestionText, TimingPageSubmit#","Timing-#QuestionText, TimingClickCount#",Please type the choice (a - e) in the box,Timing-First Click,Timing-Last Click,"Timing-#QuestionText, TimingPageSubmit#","Timing-#QuestionText, TimingClickCount#","Katie must place five stuffed animals--a duck, a goose, a panda, a turtle and a swan in a row in...",Timing-First Click,Timing-Last Click,"Timing-#QuestionText, TimingPageSubmit#","Timing-#QuestionText, TimingClickCount#",Please note: You will not be able to proceed for 6.5 minutes.  The time is meant for you to revie...,Timing-First Click,Timing-Last Click,"Timing-#QuestionText, TimingPageSubmit#","Timing-#QuestionText, TimingClickCount#",Please note: You will not be able to proceed for 6.5 minutes.  The time is meant for you to revie...,Timing-First Click,Timing-Last Click,"Timing-#QuestionText, TimingPageSubmit#","Timing-#QuestionText, TimingClickCount#","You have 6 different colored plates in your cupboard. When you cook a meal for your friend, you s...",Timing-First Click,Timing-Last Click,"Timing-#QuestionText, TimingPageSubmit#","Timing-#QuestionText, TimingClickCount#","You have three free tickets to the baseball game, allowing you to bring 2 friends with you. Unfor...",Timing-First Click,Timing-Last Click,"Timing-#QuestionText, TimingPageSubmit#","Timing-#QuestionText, TimingClickCount#","William is planning a weekend trip with his wife, and he wants to choose the best outfits possibl...",Timing-First Click,Timing-Last Click,"Timing-#QuestionText, TimingPageSubmit#","Timing-#QuestionText, TimingClickCount#",Brandon is at the pet store and there are 7 different cats but he can only afford to bring home 3...,Timing-First Click,Timing-Last Click,"Timing-#QuestionText, TimingPageSubmit#","Timing-#QuestionText, TimingClickCount#",Please type the choice (a - e) in the box,Timing-First Click,Timing-Last Click,"Timing-#QuestionText, TimingPageSubmit#","Timing-#QuestionText, TimingClickCount#","A radio station has to choose three days of the seven in a week to broadcast a certain program, a...",Timing-First Click,Timing-Last Click,"Timing-#QuestionText, TimingPageSubmit#","Timing-#QuestionText, TimingClickCount#",Please click next to for the next question,"Here is your confirmation code  ${e://Field/random}IMPORTANT: To get credit for the survey,  plea...",LocationLatitude,LocationLongitude,LocationAccuracy,
SS_bIyGuorvRjGKkHb,,Anonymous,,,24.59.5.2,0,2015-08-12 06:11:58,2015-08-12 06:17:13,0,,2.557,2.557,4.099,1,4,2.665,6.096,7.695,2,2,2.043,2.043,3.292,1,5,1.96,1.96,3.244,1,5,1.457,1.457,4.202,1,63,1.054,1.054,2.721,1,2,1.024,1.024,4.264,1,USA,1.19,1.19,4.228,1,USA,1,36.382,39.946,40.263,2,11,8.723,38.864,51.16,2,10,44.191,44.191,48.343,1,3,6.371,31.110000000000003,31.46,3,6,25.4,25.4,29.035,1,d,23.048,23.048,24.399,1,4,,,,,,,,,,,,,,,,,,,,,,,,,,,,,,,,,,,,,,,,,,,,,,,,,-1,
SS_dciFqYdssKmhyE5,,Anonymous,,,99.73.182.81,0,2015-08-07 11:27:20,2015-08-07 11:29:36,0,,37.079,37.079,39.01,1,3,3.452,4.116,7.118,2,2,3.191,3.191,3.897,1,5,2.017,2.017,2.763,1,5,1.712,1.712,3.181,1,36,1.245,1.245,1.977,1,1,1.745,4.025,4.837,2,usa,1.776,1.776,4.372,1,usa,1,5.872,5.872,42.666,1,20,,,,,,,,,,,,,,,,,,,,,,,,,,,,,,,,,,,,,,,,,,,,,,,,,,,,,,,,,,,,,,,,,,,,,,,,,,-1,
FS_3PnU0vmWt6HYNix,,Anonymous,,,50.53.70.68,0,2015-08-11 23:22:50,2015-08-12 05:22:50,0,,1.523,1.523,2.334,1,5,0,0,6.303,0,3,0,0,2.091,0,5,0,0,2.073,0,5,0.899,1.385,2.765,2,24,1.424,1.738,2.511,2,1,1.227,1.227,7.324,1,United States,1.05,4.382,5.787,3,United States,1,35.418,35.976,37.603,2,10,22.096,23.405,28.234,2,15,,,,,,,,,,,,,,,,,,,,,,,,,,,,,,,,,,,,,,,,,,,,,,,,,,,,,,,,,,,,,,,,,,,,,-1,
FS_2P1AHwku0Sfsd9F,,Anonymous,,,190.212.224.167,0,2015-08-07 10:37:00,2015-08-07 16:37:00,0,,0.046,0.655,2.443,2,4,2.773,2.773,6.434,1,0,0,0,3.576,0,5,0,0,2.97,0,5,1.592,1.592,3.892,1,42,1.139,1.139,2.192,1,1,1.684,1.684,4.636,1,usa,1.692,1.692,4.515,1,usa,1,6.419,6.419,12.258,1,20,2.438,11.876,16.438,3,15,2.354,2.354,12.085,1,16,2.196,2.94,12.084,2,3,1.114,1.114,14.971,1,c,20.535,20.535,23.458,1,2,,,,,,,,,,,,,,,,,,,,,,,,,,,,,,,,,,,,,,,,,,,,,,,,,-1,
FS_3DqJQusvTeJPlns,,Anonymous,,,67.164.80.159,0,2015-08-07 14:26:49,2015-08-07 20:26:49,0,,11.962,11.962,13.899,1,3,3.332,4.378,8.466,3,4,0,0,2.627,0,5,0,0,5.75,0,4,1.629,1.629,4.649,1,60,1.2,1.2,2.896,1,1,1.522,6.552,7.387,2,United States,1.254,1.254,7.25,1,United States,1,5.153,5.153,14.954,1,5,5.973,5.973,13.008,1,5,13.397,13.397,34.965,1,5,,,,,,,,,,,,,,,,,,,,,,,,,,,,,,,,,,,,,,,,,,,,,,,,,,,,,,,,,,,,,,,,-1,
FS_BrAAINSKtAEj2r7,,Anonymous,,,76.125.33.80,0,2015-08-11 23:18:08,2015-08-12 05:18:08,0,,3.032,3.032,3.95,1,4,0,0,5.262,0,1,0,0,6.056,0,5,0,0,4.364,0,5,1.165,1.165,6.385,1,59,1.471,1.471,2.766,1,2,1.199,1.199,4.848,1,USA,0.978,0.978,4.506,1,USA,1,,,,,,,,,,,,,,,,,,,,,,,,,,,,,,,,,,,,,,,,,,,,,,,,,,,,,,,,,,,,,,,,,,,,,,,,,,,,,,,-1,
FS_1n9keGWooRfEMCO,,Anonymous,,,72.189.54.146,0,2015-08-07 15:30:03,2015-08-07 21:30:03,0,,1.264,1.264,2.196,1,3,0,0,74.542,0,5,1.105,2.035,3.006,3,5,0,0,10.984,0,5,1.036,1.036,3.069,1,26,3.228,3.228,3.882,1,1,0.869,0.869,3.159,1,usa,19.999,20.3,22.47,2,usa,1,1.365,1.365,12.141,1,10,8.437,8.437,14.101,1,15,5.886,5.886,7.988,1,8,1.654,1.654,6.639,1,15,37.329,37.329,42.863,1,d,19.3,27.138,28.437,2,5,,,,,,,,,,,,,,,,,,,,,,,,,,,,,,,,,,,,,,,,,,,,,,,,,-1,
FS_zUuUH8JS5eEiGK5,,Anonymous,,,24.4.99.220,0,2015-08-07 10:47:10,2015-08-07 16:47:10,0,,1.717,1.717,3.064,1,3,0,0,3.017,0,3,0,0,2.907,0,4,1.522,2.833,3.158,3,5,0.737,0.737,2.076,1,26,0.734,1.406,1.81,2,2,0.68,0.934,2.295,2,usa,0.558,3.11,3.365,2,usa,1,1.216,1.858,9.886,2,3,1.512,1.512,9.825,1,2,3.3,3.3,4.585,1,6,11.24,11.24,12.552,1,4,16.813,16.813,20.195,1,b,14.657,14.657,15.946,1,5,,,,,,,,,,,,,,,,,,,,,,,,,,,,,,,,,,,,,,,,,,,,,,,,,-1,
FS_6X7gxZxhGPlSM9j,,Anonymous,,,76.187.76.122,0,2015-08-07 10:39:24,2015-08-07 16:39:24,0,,1.949,1.949,2.723,1,3,0,0,4.845,0,3,0.947,1.346,3.055,2,5,2.347,2.347,2.661,1,5,0.793,0.793,2.82,1,30,0.744,0.744,1.398,1,1,0.701,9.815,11.995,5,USA,0.994,0.994,4.908,1,USA,1,,,,,,,,,,,,,,,,,,,,,,,,,,,,,,,,,,,,,,,,,,,,,,,,,,,,,,,,,,,,,,,,,,,,,,,,,,,,,,,-1,
FS_3lyq0nf88A8Uafb,,Anonymous,,,54.174.77.195,0,2015-08-07 12:06:23,2015-08-07 18:06:23,0,,2.542,2.542,4.114,1,5,0,0,11.422,0,4,0,0,4.074,0,5,0,0,2.724,0,5,1.292,1.292,3.309,1,54,0.996,0.996,2.164,1,1,1.125,1.125,3.435,1,usa,1.033,1.033,3.239,1,usa,1,22.091,22.091,24.189,1,12,19.395,19.395,21.294,1,6,5.423,5.423,11.884,1,6,2.835,2.835,6.756,1,6,28.671,28.671,31.55,1,a,18.653,18.653,20.177,1,5,,,,,,,,,,,,,,,,,,,,,,,,,,,,,,,,,,,,,,,,,,,,,,,,,-1,
FS_3kprW4bfYjEg7Ep,,Anonymous,,,65.3.160.186,0,2015-08-07 18:40:55,2015-08-08 00:40:55,0,,3.249,3.249,5.582,1,7,5.225,7.174,12.824,2,1,0,0,5.142,0,5,0,0,7.137,0,5,2.582,2.582,6.575,1,69,1.938,1.938,3.727,1,2,2.179,2.179,6.189,1,USA,1.773,1.773,5.43,1,USA,1,6.207,72.805,90.008,2,2,,,,,,,,,,,,,,,,,,,,,,,,,,,,,,,,,,,,,,,,,,,,,,,,,,,,,,,,,,,,,,,,,,,,,,,,,,-1,
FS_1ePOYgq3O0QuhhO,,Anonymous,,,107.170.197.205,0,2015-08-12 08:26:45,2015-08-12 14:26:45,0,,2.262,3.563,5.643,2,6,0,0,8.899,0,2,0,0,5.169,0,5,0,0,4.264,0,5,1.728,1.728,7.356,1,43,1.84,1.84,3.435,1,2,2.127,2.127,5.736,1,India,1.942,1.942,5.206,1,India,1,78.589,78.589,86.858,1,20,89.587,89.587,90.011,1,,,,,,,,,,,,,,,,,,,,,,,,,,,,,,,,,,,,,,,,,,,,,,,,,,,,,,,,,,,,,,,,,,,,,,-1,
FS_2X6iG9wr1LUf5yn,,Anonymous,,,204.126.138.241,0,2015-08-07 10:40:52,2015-08-07 16:40:52,0,,2.531,2.531,3.333,1,5,0,0,2.752,0,5,1.799,1.799,3.047,1,5,1.097,1.097,2.064,1,5,1.009,1.009,2.265,1,32,0,0,2.263,0,1,0,0,2.235,0,USA,0,0,1.756,0,USA,1,8.876,8.876,10.868,1,10,0,0,6.609,0,15,0,0,3.553,0,8,0,0,3.062,0,15,27.766,27.766,33.976,1,a,2.936,2.936,4.012,1,4,,,,,,,,,,,,,,,,,,,,,,,,,,,,,,,,,,,,,,,,,0,0,1.633,0,1,,,,-1,
FS_3sjETi22dEzLJLf,,Anonymous,,,174.28.186.165,0,2015-08-07 11:30:53,2015-08-07 17:30:53,0,,2.517,2.517,3.655,1,3,0,0,7.382,0,1,1.649,1.649,4.834,1,5,0,0,5.95,0,5,1.162,1.162,3.209,1,39,1.173,1.173,2.427,1,2,2.256,2.256,7.686,1,USA,1.573,1.573,4.45,1,usa,1,4.962,26.558,32.213,4,10,0.879,1.526,8.7,2,15,,,,,,,,,,,,,,,,,,,,,,,,,,,,,,,,,,,,,,,,,,,,,,,,,,,,,,,,,,,,,,,,,,,,,-1,
FS_1IT1fd3Bn9GKpJF,,Anonymous,,,107.133.232.7,0,2015-08-07 14:28:16,2015-08-07 20:28:16,0,,34.062,34.062,35.883,1,3,0,0,33.945,0,4,0,0,2.893,0,5,8.98,8.98,10.631,1,5,1.125,1.125,11.705,1,35,0.959,0.959,1.643,1,1,1.151,1.151,6.682,1,United States,5.923,11.17,11.593,2,United States,1,3.965,41.668,48.591,2,120,50.537,50.537,53.66,1,10,32.74,32.74,55.52,1,9,58.378,58.378,61.781,1,10,54.102,54.102,56.103,1,c,43.24,43.24,45.193,1,3,,,,,,,,,,,,,,,,,,,,,,,,,,,,,,,,,,,,,,,,,,,,,,,,,-1,
FS_1JLYsm2l5wP99TV,,Anonymous,,,67.173.110.224,0,2015-08-07 20:33:51,2015-08-08 02:33:51,0,,9.33,9.33,11.278,1,5,3.3,3.3,18.088,1,1,0,0,4.714,0,5,0,0,3.784,0,5,1.141,1.141,3.639,1,60,1.727,1.727,2.86,1,2,1.546,1.546,3.888,1,usa,1.296,1.296,3.841,1,usa,1,16.257,16.257,19.46,1,2,4.722,4.722,10.684,1,1,7.567,7.567,11.5,1,2,8.205,8.205,11.371,1,3,21.527,21.527,23.956,1,b,,,,,,,,,,,,,,,,,,,,,,,,,,,,,,,,,,,,,,,,,,,,,,,,,,,,,,-1,
FS_3EZ18Y8BehMDdAm,,Anonymous,,,173.174.118.71,0,2015-08-07 23:05:14,2015-08-08 05:05:14,0,,1.57,1.57,2.878,1,5,0,0,7.627,0,3,0,0,7.996,0,5,0,0,5.518,0,5,8.619,9.238,19.062,2,34,2.928,2.928,7.728,1,1,7.183,7.183,19.921,1,USA,4.021,4.021,8.634,1,USA,1,5.931,50.248,56.497,3,10,,,,,,,,,,,,,,,,,,,,,,,,,,,,,,,,,,,,,,,,,,,,,,,,,,,,,,,,,,,,,,,,,,,,,,,,,,-1,
FS_2PnF3HaaFod0SuY,,Anonymous,,,23.239.222.145,0,2015-08-07 10:48:18,2015-08-07 16:48:18,0,,3.063,3.063,4.351,1,5,0,0,3.576,0,4,2.449,3.355,4.563,2,5,0,0,2.507,0,5,1.033,1.033,3.051,1,53,0.897,0.897,1.491,1,2,1.159,1.159,3.043,1,USA,1.117,1.117,2.469,1,USA,1,3.136,3.755,20.111,2,9,1.891,3.387,19.123,2,11,7.2,8.559,22.553,2,6,4.42,4.42,41.573,1,10,71.543,71.543,73.254,1,a,0,0,90.019,0,,0,0,390.081,0,1,,,,,,0,0,90.012,0,,81.943,81.943,87.082,1,6,,,,,,,,,,,,,,,,,,,,,,,,,,,,,-1,
FS_1mrcKkO3gCGqaxS,,Anonymous,,,74.4.177.166,0,2015-08-07 10:47:28,2015-08-07 16:47:28,0,,1.247,3.271,4.31,2,4,14.989,14.989,19.965,1,2,2.242,4.689,6.272,3,5,2.404,3.257,5.071,2,5,1.462,1.462,3.018,1,30,1.339,1.339,2.603,1,2,1.744,3.116,5.024,2,USA,31.167,31.167,32.697,1,USA,1,5.369,5.369,11.966,1,10,7.713,9.434,10.062,2,15,7.067,7.067,9.394,1,8,3.834,3.834,7.315,1,15,,,,,,,,,,,,,,,,,,,,,,,,,,,,,,,,,,,,,,,,,,,,,,,,,,,,,,,,,,,-1,
FS_2XgrSP16bbc6EWm,,Anonymous,,,67.188.157.15,0,2015-08-11 23:03:14,2015-08-12 05:03:14,0,,2.069,2.686,5.694,2,3,0,0,10.489,0,3,0,0,4.848,0,4,0,0,4.836,0,5,0.08,1.726,4.767,2,49,1.428,1.428,2.541,1,1,1.714,1.714,4.667,1,usa,1.612,1.612,4.593,1,usa,1,10.106,10.106,90.005,1,10,11.496,11.496,90.004,1,4,30.816,30.816,47.55,1,6,4.27,4.27,9.615,1,12,1.324,87.754,90.004,12,,3.08,37.824,39.296,2,5,2.431,322.661,390.019,8,1,,,,,,14.427,14.427,19.045,1,30,31.225,31.225,34.898,1,2,13.537,13.537,16.582,1,12,42.244,42.244,48.021,1,210,1.885,44.465,50.463,9,a,,,,,,,,,,,,,,-1,
FS_3s6Xl2s8iwIPWFr,,Anonymous,,,73.53.96.165,0,2015-08-12 07:59:50,2015-08-12 13:59:50,0,167625374,2.471,2.471,14.631,1,5,2.754,3.599,40.191,2,4,17.408,17.408,145.612,1,4,0,0,19.388,0,4,1.054,1.054,3.073,1,32,0.778,0.778,1.984,1,1,0.983,0.983,3.712,1,USA,0.959,0.959,3.176,1,USA,1,2.299,2.299,35.115,1,10,0.805,3.965,54.959,2,10,0.945,0.945,17.36,1,6,0.692,0.692,80.416,1,9,0.271,33.675,36.878,2,c,60.107,60.107,68.34,1,4,,,,,,28.35,28.35,390.004,1,1,9.941,18.63,88.996,2,15,32.804,32.804,42.295,1,3,0.866,0.866,34.387,1,6,0.775,0.775,32.837,1,35,57.788,57.788,60.277,1,b,33.806,33.806,35.43,1,4,5.933,5.933,10.012,1,1,,,,-1,
FS_3fbgHMn854vjTdD,,Anonymous,,,174.47.83.121,0,2015-08-12 07:29:49,2015-08-12 13:29:49,0,,2.138,2.138,3.442,1,5,0,0,3.614,0,3,0,0,3.858,0,5,0,0,3.396,0,5,1.686,1.686,6.373,1,40,1.328,1.328,2.508,1,1,1.274,1.274,5.596,1,Usa,1.778,1.778,4.808,1,Usa,1,20.459,20.459,24.085,1,20,7.323,21.515,31.035,2,18,20.664,20.664,27.99,1,10,26.587,26.587,31.626,1,8,28.713,28.713,34.289,1,e,30.768,30.768,33.748,1,4,0,0,390.023,0,1,,,,,,23.132,23.132,29.388,1,15,25.28,25.28,29.687,1,3,11.653,11.653,17.587,1,12,25.77,25.77,34.292,1,23,,,,,,,,,,,,,,,,,,,-1,
FS_Y4vyuqbNWqb1bjj,,Anonymous,,,107.170.197.205,0,2015-08-12 08:26:48,2015-08-12 14:26:48,0,,971.3,972.502,973.81,2,6,,,,,,,,,,,,,,,,,,,,,,,,,,,,,,,,,,,,,,,,,,,,,,,,,,,,,,,,,,,,,,,,,,,,,,,,,,,,,,,,,,,,,,,,,,,,,,,,,,,,,,,,,,,,,,,,,,,-1,
FS_reElpIRZISW988p,,Anonymous,,,108.193.223.1,0,2015-08-07 10:40:26,2015-08-07 16:40:26,0,,2.539,2.539,3.833,1,4,0,0,3.449,0,1,0,0,3.735,0,4,0,0,2.366,0,5,232.162,232.162,233.238,1,25,0.852,0.852,1.816,1,1,3.322,4.327,5.441,3,USA,0.985,0.985,2.162,1,USA,1,1.301,3.662,9.018,2,10,,,,,,,,,,,,,,,,,,,,,,,,,,,,,,,,,,,,,,,,,,,,,,,,,,,,,,,,,,,,,,,,,,,,,,,,,,-1,
FS_3oZLzytscZaJPpf,,Anonymous,,,129.24.105.130,0,2015-08-07 10:58:29,2015-08-07 16:58:29,0,,3.95,3.95,5.612,1,6,3.217,3.217,9.743,1,1,0,0,3.653,0,5,0,0,3.46,0,5,1.567,1.567,3.753,1,61,2.975,2.975,4.022,1,2,1.513,1.921,4.577,2,USA,1.189,1.189,4.55,1,USA,1,5.444,5.444,22.011,1,3,5.772,5.772,17.19,1,2,6.727,6.727,22.024,1,4,7.186,7.186,28.165,1,15,,,,,,,,,,,,,,,,,,,,,,,,,,,,,,,,,,,,,,,,,,,,,,,,,,,,,,,,,,,-1,
FS_3RqhdwyevjTTSMq,,Anonymous,,,142.197.72.156,0,2015-08-12 07:38:24,2015-08-12 13:38:24,0,,2.59,2.59,4.296,1,5,0,0,6.155,0,4,0,0,4.214,0,5,0,0,2.962,0,5,0.157,1.351,3.698,2,39,0.841,0.841,1.734,1,2,1.031,1.031,4.456,1,USA,1.001,1.001,4.552,1,USA,1,6.738,6.738,8.876,1,2,6.397,9.895,12.084,2,2,6.724,6.724,8.488,1,2,7.603,7.603,18.91,1,3,15.546,15.546,19.593,1,b,17.09,18.376,18.873,2,3,,,,,,,,,,,,,,,,,,,,,,,,,,,,,,,,,,,,,,,,,,,,,,,,,-1,
FS_1F4n9pYpDgXir7b,,Anonymous,,,71.20.172.4,0,2015-08-07 12:36:43,2015-08-07 18:36:43,0,,5.753,5.753,7.032,1,5,0,0,7.576,0,4,0,0,7.982,0,4,0,0,3.579,0,4,1.241,1.241,2.925,1,38,0.882,0.882,1.736,1,1,1.162,1.162,6.721,1,Vietnam,1.286,1.286,6.144,1,United States,1,5.331,5.331,34.218,1,9,,,,,,,,,,,,,,,,,,,,,,,,,,,,,,,,,,,,,,,,,,,,,,,,,,,,,,,,,,,,,,,,,,,,,,,,,,-1,
FS_2tutMbpUtvLVtiV,,Anonymous,,,75.173.41.57,0,2015-08-07 14:35:36,2015-08-07 20:35:36,0,,2.813,5.683,6.474,4,4,1.935,6.05,6.73,4,3,2.798,3.509,3.843,2,5,3.514,3.514,4.085,1,5,0.932,1.473,3.561,2,35,0.619,1.821,2.448,2,1,0.815,0.815,3.864,1,USA,1.267,1.267,3.6,1,USA,1,5.154,6.167,73.693,2,10,,,,,,,,,,,,,,,,,,,,,,,,,,,,,,,,,,,,,,,,,,,,,,,,,,,,,,,,,,,,,,,,,,,,,,,,,,-1,
FS_3Lb8Dplwwpg6BWg,,Anonymous,,,76.173.123.100,0,2015-08-07 10:48:01,2015-08-07 16:48:01,0,,3.478,3.478,5.035,1,3,0,0,4.845,0,3,0,0,2.402,0,4,0,0,2.356,0,5,,,,,,,,,,,,,,,,,,,,,,,,,,,,,,,,,,,,,,,,,,,,,,,,,,,,,,,,,,,,,,,,,,,,,,,,,,,,,,,,,,,,,,,,,,,,,,,,,,,,-1,
FS_2uvw1nAkBjHATpD,,Anonymous,,,76.173.123.100,0,2015-08-07 10:49:09,2015-08-07 16:49:09,0,,1.06,1.06,2.335,1,3,0,0,4.358,0,3,0,0,1.623,0,5,0,0,1.495,0,5,0.902,0.902,2.392,1,34,0.771,0.771,1.497,1,1,1.139,1.139,4.733,1,USA,0.911,0.911,3.706,1,USA,1,1.434,22.149,30.62,3,1,4.263,4.263,9.822,1,2,3.889,5.313,7.963,2,2,4.524,4.524,8.396,1,3,17.853,27.79,30.404,2,b,32.662,32.662,51.425,1,3,43.216,301.981,390.003,5,1,,,,,,5.477,17.102,20.771,2,6,9.871,18.741,23.332,2,2,3.429,3.429,38.458,1,6,3.441,58.129,62.868,5,18,41.292,43.275,46.403,4,d,,,,,,,,,,,,,,-1,
FS_eWnPomMeJmEs3tf,,Anonymous,,,104.33.174.96,0,2015-08-11 23:23:05,2015-08-12 05:23:05,0,,1.954,1.954,2.827,1,4,0,0,3.311,0,2,0,0,2.16,0,4,0,0,2.399,0,5,1.046,1.046,3.016,1,30,5.251,5.251,5.92,1,1,0.829,1.165,3.335,2,usa,1.14,1.14,3.465,1,usa,1,5.015,12.131,17.171,3,5,4.889,12.411,12.72,2,6,11.419,11.419,13.035,1,8,7.627,7.627,21.226,1,3,3.438,3.438,41.113,1,c,15.16,15.16,16.002,1,3,,,,,,,,,,,,,,,,,,,,,,,,,,,,,,,,,,,,,,,,,,,,,,,,,-1,
FS_ZJBqzbIEufBvIiZ,,Anonymous,,,75.142.10.9,0,2015-08-12 07:16:09,2015-08-12 13:16:09,0,,2.604,2.604,3.975,1,5,0,0,4.787,0,3,0,0,2.849,0,5,0,0,3.281,0,5,1.555,1.555,4.037,1,39,1.321,1.321,2.686,1,1,1.364,1.364,8.586,1,USA,1.118,1.118,3.757,1,USA,1,3.319,27.264,30.392,2,12,64.784,64.784,68.727,1,15,17.853,17.853,20.299,1,6,9.733,9.733,13.159,1,15,38.618,40.387,43.419,2,d,,,,,,,,,,,,,,,,,,,,,,,,,,,,,,,,,,,,,,,,,,,,,,,,,,,,,,-1,
FS_2770AjMMBCfBMkR,,Anonymous,,,99.109.96.242,0,2015-08-12 07:38:57,2015-08-12 13:38:57,0,,1.315,1.315,4.154,1,6,1.62,1.62,3.307,1,3,3.047,3.047,3.589,1,4,0,0,2.793,0,4,1.135,1.135,3.684,1,45,1.012,1.012,1.899,1,1,1.132,1.132,4.228,1,USA,1.158,1.158,4.361,1,USA,1,,,,,,,,,,,,,,,,,,,,,,,,,,,,,,,,,,,,,,,,,,,,,,,,,,,,,,,,,,,,,,,,,,,,,,,,,,,,,,,-1,
FS_29akVmgmLOhe7dD,,Anonymous,,,173.175.67.40,0,2015-08-07 11:34:48,2015-08-07 17:34:48,0,,1.524,1.524,3.2,1,5,0,0,13.27,0,2,1.829,2.321,3.598,2,5,1.808,1.808,8.663,1,5,1.061,1.061,2.951,1,27,0.798,0.798,1.819,1,2,0.931,0.931,3.641,1,USA,0.683,0.683,3.127,1,USA,1,56.925,56.925,58.94,1,10,1.24,1.24,37.484,1,15,2.036,2.036,10.894,1,8,1.048,1.048,27.33,1,15,35.437,35.437,38.973,1,A,77.925,77.925,79.365,1,3,,,,,,56.764,56.764,390.018,1,1,2.195,2.195,49.643,1,15,44.552,44.552,54.515,1,3,0.783,71.184,72.92,3,6,29.602,29.602,35.38,1,30,32.714,32.714,35.873,1,A,,,,,,,,,,,,,,-1,
FS_2En0a5LwoKU8chT,,Anonymous,,,54.174.77.195,0,2015-08-07 11:46:21,2015-08-07 17:46:21,0,,4.201,4.201,4.915,1,5,0,0,3.101,0,4,2.537,2.537,4.671,1,5,0,0,4.294,0,5,1.139,1.139,2.54,1,24,0.808,0.808,1.807,1,1,1.047,1.047,42.731,1,USA,0,0,6.318,0,USA,1,,,,,,,,,,,,,,,,,,,,,,,,,,,,,,,,,,,,,,,,,,,,,,,,,,,,,,,,,,,,,,,,,,,,,,,,,,,,,,,-1,
FS_qyVUFPrfm9evG7v,,Anonymous,,,71.190.247.113,0,2015-08-07 14:47:45,2015-08-07 20:47:45,0,,4.387,4.387,5.437,1,6,0,0,5.757,0,2,0,0,2.224,0,5,0,0,2.605,0,5,0.863,0.863,2.31,1,25,0.736,0.736,1.562,1,2,0.903,0.903,2.703,1,USA,0.981,0.981,2.999,1,USA,1,3.964,3.964,46.612,1,20,0,0,89.977,0,,6.417,6.417,8.385,1,11,6.079,6.079,7.711,1,11,37.859,37.859,40.764,1,a,48.231,48.231,49.08,1,2,,,,,,,,,,,,,,,,,,,,,,,,,,,,,,,,,,,,,,,,,,,,,,,,,-1,
FS_3r1cptT0vhKto70,,Anonymous,,,76.106.253.130,0,2015-08-07 17:54:45,2015-08-07 23:54:45,0,,1.72,1.72,3.54,1,3,0,0,4.211,0,2,2.665,2.665,3.2,1,3,0,0,3.224,0,5,1.29,1.29,2.708,1,26,0.91,0.91,1.806,1,2,0.966,0.966,4.449,1,usa,0.707,0.707,4.514,1,usa,1,3.923,3.923,47.124,1,10,4.233,4.233,71.357,1,10,20.652,24.01,31.456,3,6,2.218,2.218,71.611,1,9,73.142,73.142,74.609,1,,2,53.755,54.708,2,2,,,,,,,,,,,,,,,,,,,,,,,,,,,,,,,,,,,,,,,,,,,,,,,,,-1,
FS_3gMleO0y0VHjOoG,,Anonymous,,,75.111.21.232,0,2015-08-11 23:18:45,2015-08-12 05:18:45,0,,2.307,2.307,3.428,1,5,0,0,6.665,0,3,0,0,4.64,0,5,0,0,3.818,0,5,1.053,1.053,4.785,1,31,1.014,1.014,1.97,1,1,1.037,1.037,4.201,1,us,1.444,1.444,5.127,1,us,1,,,,,,,,,,,,,,,,,,,,,,,,,,,,,,,,,,,,,,,,,,,,,,,,,,,,,,,,,,,,,,,,,,,,,,,,,,,,,,,-1,
FS_31EoYSbCamMQDee,,Anonymous,,,70.210.231.61,0,2015-08-07 11:05:56,2015-08-07 17:05:56,0,,2.218,2.218,3.319,1,5,0,0,8.081,0,3,0,0,2.944,0,4,0,0,2.789,0,3,1.092,1.092,2.97,1,33,0.788,0.788,1.799,1,1,0.96,0.96,8.016,1,United States of America,1.178,1.178,9.093,1,United States of America,1,4.654,58.867,61.163,4,9,1.202,12.588,12.949,6,14,1.648,16.968,17.467,3,7,,,,,,,,,,,,,,,,,,,,,,,,,,,,,,,,,,,,,,,,,,,,,,,,,,,,,,,,,,,,,,,,-1,
FS_1i4LKjLRyjENJk2,,Anonymous,,,73.48.158.137,0,2015-08-07 15:43:26,2015-08-07 21:43:26,0,,3.68,4.752,5.864,2,5,0,0,5.793,0,3,0,0,6.366,0,4,0,0,2.513,0,4,2.225,2.745,4.583,2,34,0.973,0.973,1.753,1,2,1.069,1.069,3.733,1,USA,1.813,1.813,3.883,1,USA,1,25.398,32.982,36.493,2,10,34.012,34.012,36.213,1,8,17.091,17.091,20.088,1,5,35.981,35.981,38.579,1,8,3.149,64.877,70.763,3,e,,,,,,,,,,,,,,,,,,,,,,,,,,,,,,,,,,,,,,,,,,,,,,,,,,,,,,-1,
FS_p0Kx2Mbo2JAV8UV,,Anonymous,,,104.33.129.144,0,2015-08-07 11:58:38,2015-08-07 17:58:38,0,,5.356,7.312,8.973,3,3,8.696,8.696,11.322,1,4,2.539,2.539,3.427,1,4,0,0,6.342,0,4,1.148,1.148,3.551,1,31,1.045,1.045,1.803,1,1,1.24,1.24,7.535,1,United States,1.289,1.289,8.369,1,United States,1,1.474,2.835,38.439,3,11,1.973,1.973,42.897,1,7,1.155,1.155,60.715,1,5,3.524,3.524,62.386,1,8,64.387,67.891,69.715,2,c,4.694,86.697,87.725,3,4,,,,,,,,,,,1.426,1.941,66.338,2,15,32.319,32.319,60.474,1,3,1.504,1.928,46.631,2,6,1.095,1.095,96.375,1,13,71.294,71.294,75.904,1,c,,,,,,0,0,1.702,0,1,,,,-1,
FS_1QMkqNKB5ZtkJRa,,Anonymous,,,173.219.163.66,0,2015-08-12 02:39:10,2015-08-12 08:39:10,0,,20.807,20.862,21.795,2,5,25.699,25.699,27.455,1,4,0,0,3.685,0,5,2.145,2.145,3.819,1,5,1.126,1.782,3.63,3,31,18.955,18.955,20.25,1,2,26.038,26.038,30.644,1,United States,1.301,1.301,5.964,1,United States,1,33.671,33.671,62.908,1,240,,,,,,,,,,,,,,,,,,,,,,,,,,,,,,,,,,,,,,,,,,,,,,,,,,,,,,,,,,,,,,,,,,,,,,,,,,-1,
FS_ylLK46Fc0pFwnip,,Anonymous,,,216.167.129.76,0,2015-08-12 09:25:09,2015-08-12 15:25:09,0,,1.505,1.505,2.369,1,5,0,0,2.55,0,3,4.562,4.562,5.499,1,4,0,0,2.242,0,4,0.961,0.961,2.528,1,26,0.697,1.175,1.605,2,2,0.975,0.975,3.536,1,USA,0.433,0.433,1.49,1,USA,1,,,,,,,,,,,,,,,,,,,,,,,,,,,,,,,,,,,,,,,,,,,,,,,,,,,,,,,,,,,,,,,,,,,,,,,,,,,,,,,-1,
FS_2tDmNEHT9KbFgQU,,Anonymous,,,66.194.51.226,0,2015-08-12 07:24:41,2015-08-12 13:24:41,0,,10.612,10.612,13.666,1,3,0,0,3.06,0,2,0,0,2.213,0,5,0,0,2.005,0,5,0.861,0.861,2.963,1,43,0.606,0.606,1.591,1,1,1.233,1.233,96.067,1,United States,1.784,1.784,5.169,1,United States,1,2.09,9.85,13.537,4,20,2.005,3.549,7.065,3,60,2.431,2.431,5.322,1,12,2.494,2.494,5.618,1,60,15.003,15.003,17.305,1,d,7.9,8.912,12.469,2,1,,,,,,,,,,,,,,,,,,,,,,,,,,,,,,,,,,,,,,,,,,,,,,,,,-1,
FS_30eINwQrJ98ENnO,,Anonymous,,,98.237.249.73,0,2015-08-07 11:37:03,2015-08-07 17:37:03,0,,4.467,4.467,6.238,1,5,0,0,5.894,0,,0,0,4.642,0,5,0,0,4.663,0,5,1.497,1.497,4.853,1,64,1.416,1.416,2.662,1,1,1.595,1.595,4.919,1,USA,1.449,1.449,4.598,1,USA,1,53.123,53.123,57.055,1,12,,,,,,,,,,,,,,,,,,,,,,,,,,,,,,,,,,,,,,,,,,,,,,,,,,,,,,,,,,,,,,,,,,,,,,,,,,-1,
FS_1rqYxkIamACch3f,,Anonymous,,,73.24.137.29,0,2015-08-12 23:14:59,2015-08-13 05:14:59,0,,3.33,3.33,5.587,1,3,0,0,6.327,0,1,0,0,4.534,0,4,0,0,5.747,0,4,1.223,1.223,3.701,1,47,1.235,1.235,2.555,1,2,1.403,1.403,7.974,1,USA,1.316,1.316,4.744,1,USA,1,31.17,31.17,38.826,1,10,18.572,18.572,30.116,1,15,,,,,,,,,,,,,,,,,,,,,,,,,,,,,,,,,,,,,,,,,,,,,,,,,,,,,,,,,,,,,,,,,,,,,-1,
FS_bw2mcgq6lBbqWsh,,Anonymous,,,163.47.12.200,0,2015-08-07 10:49:31,2015-08-07 16:49:31,0,,2.661,2.661,3.806,1,6,0,0,4.532,0,4,2.543,2.543,9.224,1,4,7.012,7.012,11.022,1,5,1.14,1.14,3.587,1,27,0.857,0.857,1.674,1,1,1.377,1.377,6.234,1,India,1.729,1.729,6.507,1,India,,,,,,,,,,,,,,,,,,,,,,,,,,,,,,,,,,,,,,,,,,,,,,,,,,,,,,,,,,,,,,,,,,,,,,,,,,,,,,,,-1,
FS_0HDtpNyZFBt3SHD,,Anonymous,,,122.174.93.65,0,2015-08-07 11:45:26,2015-08-07 17:45:26,0,143029860,1.601,1.601,2.63,1,6,0,0,5.642,0,4,0,0,3.957,0,5,2.654,3.084,4.24,2,5,1.24,3.622,3.93,2,46,1.124,1.987,2.283,2,1,1.32,1.668,5.488,2,India,1.147,1.147,5.242,1,India,1,10.623,10.623,17.791,1,2,1.535,1.535,10.265,1,3,1.142,1.142,17.838,1,2,1.181,1.181,7.068,1,3,4.499,4.499,11.606,1,c,20.36,20.36,21.38,1,4,,,,,,,,,,,1.305,13.033,14.944,4,2,1.682,2.392,3.401,3,3,1.395,1.395,7.603,1,2,0.942,0.942,3.581,1,3,2.034,2.034,6.427,1,d,9.723,9.723,10.572,1,3,0,0,1.52,0,1,,,,-1,
FS_1FanVfPFj4Hiw87,,Anonymous,,,116.68.75.53,0,2015-08-07 22:57:25,2015-08-08 04:57:25,0,,3.108,3.108,5.254,1,5,29.514,30.74,37.473,4,4,0,0,2.618,0,5,3.433,3.433,4.856,1,5,1.739,1.739,3.711,1,31,1.405,1.405,2.478,1,2,1.713,1.713,5.848,1,Canada,10.674,29.276,30.59,5,India,1,34.785,34.785,37.221,1,1,22.95,24.392,26.603,2,2,5.811,18.015,20.837,2,1,6.818,9.915,11.735,3,3,22.445,28.173,30.026,3,c,10.293,13.944,14.827,2,4,,,,,,,,,,,,,,,,,,,,,,,,,,,,,,,,,,,,,,,,,,,,,,,,,-1,
FS_233vUgdxoAs7szn,,Anonymous,,,49.249.81.156,0,2015-08-12 00:28:23,2015-08-12 06:28:23,0,,2.897,2.897,4.513,1,4,6.421,7.697,13.26,2,3,0,0,4.251,0,5,0,0,4.477,0,4,1.091,1.091,3.521,1,27,1.108,1.108,2.109,1,1,1.193,1.193,4.284,1,USA,1.2,1.2,4.532,1,USA,1,1.028,35.607,42.868,2,2,0.881,0.881,34.713,1,2,1.085,1.085,20.726,1,1,0.938,0.938,18.987,1,3,,,,,,,,,,,,,,,,,,,,,,,,,,,,,,,,,,,,,,,,,,,,,,,,,,,,,,,,,,,-1,
FS_pEOJlrIDKM75qU1,,Anonymous,,,27.97.136.59,0,2015-08-12 01:30:12,2015-08-12 07:30:12,0,,10.065,10.065,11.541,1,4,3.939,3.939,9.018,1,2,12.032,12.561,14.762,2,4,0,0,3.871,0,3,1.13,1.13,3.633,1,29,0.808,0.808,1.528,1,1,1.075,1.075,5.326,1,India,1.533,3.946,4.141,2,India,1,9.128,38.255,58.193,7,1,1.985,55.147,58.192,15,2,3.181,56.364,57.615,6,2,14.138,30.597,65.978,4,1,60.122,60.497,70.869,2,b,15.248,73.256,74.438,10,2,,,,,,,,,,,,,,,,,,,,,,,,,,,,,,,,,,,,,,,,,,,,,,,,,-1,
FS_3NVPYDhtc7WRSIL,,Anonymous,,,122.169.133.194,0,2015-08-07 10:39:12,2015-08-07 16:39:12,0,,4.027,4.57,6.186,2,6,0,0,9.497,0,4,0,0,3.899,0,,0,0,6.796,0,4,1.495,1.495,4.231,1,39,1.175,1.175,1.9,1,1,1.081,1.73,5.018,3,India,1.49,1.77,4.39,2,India,1,19.714,31.268,32.993,2,2,17.505,17.936,21.219,2,2,5.308,13.858,15.628,2,3,0,0,90.612,0,,64.207,64.207,67.806,1,c,,,,,,,,,,,,,,,,,,,,,,,,,,,,,,,,,,,,,,,,,,,,,,,,,,,,,,-1,
FS_2lsHdIUWTWeMkp3,,Anonymous,,,116.68.75.253,0,2015-08-12 00:44:04,2015-08-12 06:44:04,0,,1.865,1.865,2.727,1,5,2.107,5.039,6.122,5,4,1.688,2.612,3.026,2,5,0,0,3.942,0,5,1.028,1.028,6.507,1,31,0.832,0.832,1.724,1,2,0.87,0.87,5.646,1,Canada,1.178,1.178,4.158,1,India,1,,,,,,,,,,,,,,,,,,,,,,,,,,,,,,,,,,,,,,,,,,,,,,,,,,,,,,,,,,,,,,,,,,,,,,,,,,,,,,,-1,
FS_t01Jxui11c48jE5,,Anonymous,,,78.155.37.212,0,2015-08-07 10:40:53,2015-08-07 16:40:53,0,,6.421,6.421,12.229,1,5,0,0,19.848,0,4,0,0,4.491,0,4,0,0,4.889,0,4,1.619,1.619,4.074,1,44,1.58,1.58,2.708,1,2,1.478,1.478,7.827,1,Montenegro,1.932,1.932,8.65,1,Montenegro,1,69.801,69.801,72.537,1,10,51.635,51.635,54.018,1,4,41.635,41.635,43.809,1,3,46.647,46.647,48.942,1,6,77.78,77.78,85.493,1,b,,,,,,,,,,,,,,,,,,,,,,,,,,,,,,,,,,,,,,,,,,,,,,,,,,,,,,-1,
FS_2Y3QDRjCezzPlns,,Anonymous,,,108.193.37.83,0,2015-08-12 10:13:01,2015-08-12 16:13:01,0,,2.696,2.696,4.547,1,5,4.952,21.069,23.405,6,3,0,0,12.231,0,4,0,0,4.749,0,4,1.835,1.835,4.566,1,66,1.031,1.031,2.248,1,2,1.401,1.401,7.372,1,United States,1.147,1.147,6.223,1,United States,1,68.375,68.375,81.673,1,6,82.399,82.399,85.666,1,40,55.066,55.066,59.879,1,22,46.749,65.68,68.73,2,10,46.421,46.421,69.854,1,c,46.922,46.922,48.803,1,2,,,,,,,,,,,,,,,,,,,,,,,,,,,,,,,,,,,,,,,,,,,,,,,,,-1,
FS_24pHyo3lMiyWVbV,,Anonymous,,,72.23.176.243,0,2015-08-07 11:01:09,2015-08-07 17:01:09,0,,14970.535,14970.535,14971.455,1,6,,,,,,,,,,,,,,,,,,,,,,,,,,,,,,,,,,,,,,,,,,,,,,,,,,,,,,,,,,,,,,,,,,,,,,,,,,,,,,,,,,,,,,,,,,,,,,,,,,,,,,,,,,,,,,,,,,,-1,
FS_vwdETop7GMMajKx,,Anonymous,,,45.47.93.121,0,2015-08-07 14:39:06,2015-08-07 20:39:06,0,,2.882,2.882,5.143,1,5,2.405,2.405,6.033,1,1,1.877,1.877,4.768,1,4,0,0,3.877,0,5,1.554,1.554,3.568,1,34,1.223,1.223,2.289,1,2,1.602,1.602,7.365,1,United States,1.587,1.587,6.649,1,United States,,,,,,,,,,,,,,,,,,,,,,,,,,,,,,,,,,,,,,,,,,,,,,,,,,,,,,,,,,,,,,,,,,,,,,,,,,,,,,,,-1,
FS_1IoyMr4XwXBcexy,,Anonymous,,,98.157.200.48,0,2015-08-07 11:00:43,2015-08-07 17:00:43,0,,2.019,3.071,4.42,2,5,0,0,3.921,0,4,3.18,3.18,3.816,1,4,0,0,3.834,0,4,1.578,1.578,4.08,1,52,0.981,0.981,2.03,1,1,1.359,1.359,3.848,1,USA,1.211,3.567,4.445,2,USA,1,28.455,28.455,31.058,1,10,3.079,15.469,39.476,2,15,18.744,18.744,21.411,1,15,,,,,,,,,,,,,,,,,,,,,,,,,,,,,,,,,,,,,,,,,,,,,,,,,,,,,,,,,,,,,,,,-1,
FS_3PAb4ihRMAbHL2i,,Anonymous,,,65.96.167.156,0,2015-08-12 07:06:04,2015-08-12 13:06:04,0,,1.603,1.603,2.994,1,5,0,0,2.629,0,3,0,0,2.48,0,5,0,0,2.67,0,5,1.062,1.062,2.218,1,33,0.85,0.85,1.51,1,2,0.752,0.752,2.978,1,USA,1.162,2.5,4.432,3,USA,1,4.975,19.765,24.391,3,10,2.802,2.802,4.751,1,15,2.743,2.743,5.316,1,16,2.116,2.501,7.724,2,15,13.3,13.3,14.838,1,c,15.071,15.071,16.739,1,3,,,,,,,,,,,,,,,,,,,,,,,,,,,,,,,,,,,,,,,,,,,,,,,,,-1,
FS_21vyf4BKhZZQed0,,Anonymous,,,174.62.208.163,0,2015-08-07 10:51:55,2015-08-07 16:51:55,0,,3.817,3.817,4.928,1,4,0,0,8.03,0,4,0,0,6.785,0,5,0,0,3.443,0,5,1.616,1.616,5.829,1,37,1.426,1.426,2.649,1,1,1.157,1.157,7.143,1,United States,0.988,0.988,5.977,1,United States,1,,,,,,,,,,,,,,,,,,,,,,,,,,,,,,,,,,,,,,,,,,,,,,,,,,,,,,,,,,,,,,,,,,,,,,,,,,,,,,,-1,
FS_A0QDn4ECTrIN5zr,,Anonymous,,,172.73.125.144,0,2015-08-07 11:10:07,2015-08-07 17:10:07,0,,1.834,2.733,3.914,2,7,0,0,4.636,0,2,0,0,2.975,0,5,0,0,2.956,0,5,1.25,1.25,3.924,1,37,1.288,1.288,2.214,1,1,1.257,1.257,3.771,1,USA,1.205,1.205,4.573,1,USA,1,1.881,3.613,10.385,2,10,1.73,1.73,11.825,1,57,4.213,4.213,7.916,1,8,1.911,1.911,8.395,1,150,8.393,10.588,12.57,3,d,1.275,10.433,11.546,2,2,,,,,,,,,,,,,,,,,,,,,,,,,,,,,,,,,,,,,,,,,,,,,,,,,-1,
FS_1Eb1B5xT3qygJXB,,Anonymous,,,69.131.226.189,0,2015-08-07 11:08:52,2015-08-07 17:08:52,0,,2.655,4.594,6.245,2,3,0,0,9.389,0,3,10.381,10.381,14.041,1,4,0,0,4.954,0,5,1.486,1.486,3.645,1,60,0.97,0.97,2.131,1,2,1.205,1.205,4.47,1,USA,2.721,2.721,5.782,1,USA,1,9.06,9.06,18.025,1,1,5.655,5.655,30.114,1,2,4.262,4.262,28.274,1,2,6.189,6.189,37.571,1,3,4.086,41.882,44.893,7,a,12.876,34.992,36.684,2,3,,,,,,,,,,,,,,,,,,,,,,,,,,,,,,,,,,,,,,,,,,,,,,,,,-1,
FS_3fddohXzD8jNY97,,Anonymous,,,72.23.176.243,0,2015-08-07 11:01:30,2015-08-07 17:01:30,0,,4.251,4.251,6.177,1,3,1.796,3.17,5.482,3,3,0,0,3.366,0,5,0,0,2.371,0,5,0.898,0.898,3.697,1,45,1.098,1.098,2.016,1,2,0.918,0.918,4.04,1,USA,1.291,1.291,3.457,1,USA,1,4.097,53.875,54.6,5,10,,,,,,,,,,,,,,,,,,,,,,,,,,,,,,,,,,,,,,,,,,,,,,,,,,,,,,,,,,,,,,,,,,,,,,,,,,-1,
FS_zSg6YZyeVBAkoHT,,Anonymous,,,98.235.142.17,0,2015-08-07 10:42:21,2015-08-07 16:42:21,0,,2.544,2.544,4.021,1,3,0,0,3.864,0,4,0,0,3.339,0,,0,0,7.003,0,4,1.296,1.296,2.926,1,43,0.963,0.963,1.723,1,1,0.873,0.873,4.045,1,USA,3.534,3.534,6.297,1,USA,1,12.119,13.311,14.561,2,2,1.58,1.58,85.593,1,12,5.785,70.029,72.609,3,6,4.23,4.23,58.736,1,5,47.364,52.387,53.782,3,d,35.516,35.516,36.907,1,3,,,,,,,,,,,,,,,,,,,,,,,,,,,,,,,,,,,,,,,,,,,,,,,,,-1,
FS_wSMm1RwvhZptTHP,,Anonymous,,,104.160.50.19,0,2015-08-07 10:37:16,2015-08-07 16:37:16,0,,1.452,1.452,2.735,1,3,0,0,3.608,0,4,0,0,2.616,0,5,18.448,18.448,19.577,1,5,1.583,1.583,2.628,1,23,0.627,0.627,1.435,1,1,0.971,2.877,3.254,2,USA,0.756,0.756,2.675,1,USA,1,2.968,3.626,11.979,2,2,4.474,4.474,10.33,1,1,0.724,7.781,8.674,4,2,0.985,2.774,15.572,2,1,6.577,6.577,24.463,1,b,,,,,,,,,,,,,,,,,,,,,,,,,,,,,,,,,,,,,,,,,,,,,,,,,,,,,,-1,
FS_2XdPoRnxPbz405N,,Anonymous,,,172.73.117.234,0,2015-08-12 08:02:03,2015-08-12 14:02:03,0,,3.241,3.241,4.737,1,4,0,0,3.549,0,2,0,0,2.458,0,4,0,0,2.362,0,3,0.974,0.974,2.725,1,36,0.64,0.64,1.392,1,1,1.215,1.215,3.278,1,Nigeria,0.638,0.638,3.503,1,United States,1,30.916,42.836,46.82,3,10,1.967,2.927,35.1,2,10,9.451,22.517,24.685,2,6,16.714,16.714,18.218,1,4,24.961,26.811,27.336,2,e,16.889,17.985,19.873,2,4,,,,,,,,,,,,,,,,,,,,,,,,,,,,,,,,,,,,,,,,,,,,,,,,,-1,
FS_XtsAy4q3UoOrV2p,,Anonymous,,,172.56.35.113,0,2015-08-07 22:01:57,2015-08-08 04:01:57,0,,93.296,93.296,95.261,1,3,24.793,25.424,33.26,2,3,0,0,3.639,0,5,0,0,3.737,0,5,1.148,1.483,4.065,2,34,2.831,4.328,5.024,2,2,4.838,4.838,7.992,1,us,1.231,1.231,3.846,1,us,1,2.157,14.037,24.868,2,2,1.386,21.265,22.742,6,1,20.966,20.966,24.929,1,2,10.939,10.939,13.315,1,1,49.025,49.496,52.112,2,c,34.414,34.414,35.815,1,3,,,,,,,,,,,,,,,,,,,,,,,,,,,,,,,,,,,,,,,,,,,,,,,,,-1,
FS_2zGDjIfNRy1FPbK,,Anonymous,,,54.148.44.119,0,2015-08-07 12:00:57,2015-08-07 18:00:57,0,,1.795,3.193,4.555,2,3,3.615,3.615,7.658,1,1,2.378,2.378,6.702,1,5,0,0,5.671,0,5,1.738,1.738,3.741,1,41,1.332,1.332,2.54,1,2,1.602,1.602,4.114,1,USA,1.499,1.499,3.534,1,USA,1,7.333,26.329,51.499,5,2,13.092,13.092,17.508,1,3,8.57,8.57,22.962,1,2,24.513,24.513,41.658,1,3,2.776,29.534,31.523,4,C,10.18,13.077,14.525,3,2,,,,,,,,,,,,,,,,,,,,,,,,,,,,,,,,,,,,,,,,,,,,,,,,,-1,
FS_29i7Wsg6zjJPuhg,,Anonymous,,,162.224.168.174,0,2015-08-12 21:34:31,2015-08-13 03:34:31,0,,2.181,2.181,3.124,1,5,3.551,4.326,5.792,2,2,0,0,3.198,0,5,0,0,2.436,0,5,1.2,1.2,3.873,1,30,1.015,1.015,2.389,1,1,1.081,1.081,3.926,1,usa,1.225,1.225,4.166,1,usa,1,8.475,8.475,11.187,1,5,,,,,,,,,,,,,,,,,,,,,,,,,,,,,,,,,,,,,,,,,,,,,,,,,,,,,,,,,,,,,,,,,,,,,,,,,,-1,
FS_1jj0weco0bSn4rz,,Anonymous,,,75.109.48.198,0,2015-08-12 22:38:13,2015-08-13 04:38:13,0,,3.743,3.743,4.842,1,3,2.41,3.152,6.556,3,3,0,0,3.924,0,4,0,0,2.431,0,5,0.832,3.999,4.355,3,29,0.704,1.272,1.542,2,1,0.835,0.835,4.006,1,usa,1.037,1.301,3.93,2,usa,1,5.661,40.966,89.409,6,9,39.073,39.455,44.782,2,15,2.192,16.793,25.361,7,8,16.371,34.618,38.814,4,15,3.579,63.758,65.879,4,c,21.772,21.772,22.663,1,1,,,,,,,,,,,,,,,,,,,,,,,,,,,,,,,,,,,,,,,,,,,,,,,,,-1,
FS_2azrPcXO1TiYoS9,,Anonymous,,,73.168.133.154,0,2015-08-07 10:46:20,2015-08-07 16:46:20,0,,3.598,3.598,4.746,1,3,0,0,6.995,0,2,0,0,7.199,0,4,0,0,4.27,0,4,1.428,1.428,6.003,1,37,1.227,1.227,2.064,1,2,1.364,1.364,8.726,1,USA ,1.512,1.512,8.136,1,United States ,1,45.539,45.539,62.183,1,20,56.07,56.07,59.884,1,15,40.548,40.548,43.4,1,6,41.747,41.747,47.656,1,15,46.131,46.131,52.994,1,D,27.457,27.457,28.313,1,3,,,,,,,,,,,,,,,,,,,,,,,,,,,,,,,,,,,,,,,,,,,,,,,,,-1,
FS_rolQDIoCq96O3Jv,,Anonymous,,,74.111.26.20,0,2015-08-07 10:44:20,2015-08-07 16:44:20,0,,1.628,1.628,2.194,1,6,,,,,,,,,,,,,,,,,,,,,,,,,,,,,,,,,,,,,,,,,,,,,,,,,,,,,,,,,,,,,,,,,,,,,,,,,,,,,,,,,,,,,,,,,,,,,,,,,,,,,,,,,,,,,,,,,,,-1,
FS_2aCVeGBcAr7sY06,,Anonymous,,,162.224.146.82,0,2015-08-07 11:04:51,2015-08-07 17:04:51,0,,2.769,2.769,4.299,1,3,1.73,1.73,3.446,1,3,1.701,2.331,4.116,2,5,0,0,6.466,0,5,1.711,1.711,4.129,1,30,1.194,1.194,5.346,1,2,1.114,1.114,6.93,1,United States ,1.813,1.813,15.254,1,United States ,,,,,,,,,,,,,,,,,,,,,,,,,,,,,,,,,,,,,,,,,,,,,,,,,,,,,,,,,,,,,,,,,,,,,,,,,,,,,,,,-1,
FS_cJfblNZtcJpR7m9,,Anonymous,,,73.187.173.176,0,2015-08-11 22:58:05,2015-08-12 04:58:05,0,616799082,1.661,1.661,2.95,1,4,0,0,3.012,0,2,0,0,2.236,0,5,0,0,1.884,0,5,0.926,0.926,3.842,1,23,0.758,0.758,1.839,1,1,0.908,4.21,4.555,2,usa,0.777,0.777,4.228,1,usa,1,12.728,12.728,45.338,1,25,11.656,11.656,15.183,1,15,15.103,15.103,52.66,1,12,0,0,90.593,0,,0,0,0,0,a,24.939,24.939,27.502,1,2,,,,,,0,0,390.817,0,1,21.219,21.219,23.298,1,80,15.555,15.555,29.201,1,30,35.739,35.739,37.843,1,24,10.586,11.05,13.176,2,210,82.742,82.742,86.727,1,e,39.145,39.145,39.743,1,5,0,0,1.217,0,1,,,,-1,
FS_3r1x2az1NGERIuZ,,Anonymous,,,68.191.170.7,0,2015-08-07 11:37:26,2015-08-07 17:37:26,0,,2.389,2.389,3.899,1,3,2.099,2.099,7.44,1,2,0,0,8.213,0,5,1.933,1.933,2.997,1,4,1.309,1.309,3.847,1,36,0.924,0.924,1.585,1,2,1.041,6.034,8.793,2,United States,1.139,1.139,5.502,1,United States,1,22.996,22.996,42.4,1,20,,,,,,,,,,,,,,,,,,,,,,,,,,,,,,,,,,,,,,,,,,,,,,,,,,,,,,,,,,,,,,,,,,,,,,,,,,-1,
FS_33eEKONMenfqSRa,,Anonymous,,,63.243.37.162,0,2015-08-07 11:04:01,2015-08-07 17:04:01,0,,0,0,4.851,0,5,4.853,4.853,8.219,1,3,0,0,5.305,0,5,0,0,4.243,0,5,2.719,2.719,5.091,1,57,0,0,2.491,0,1,0,0,2.921,0,USA,0,0,2.706,0,USA,1,5.909,5.909,26.009,1,15,3.273,3.273,15.227,1,15,4.732,4.732,17.452,1,5,3.853,3.853,6.34,1,15,16.769,16.769,18.382,1,c,21.487,21.487,23.569,1,2,,,,,,,,,,,,,,,,,,,,,,,,,,,,,,,,,,,,,,,,,,,,,,,,,-1,
FS_2EzuF0zqfwgVDwk,,Anonymous,,,162.194.105.170,0,2015-08-07 11:10:27,2015-08-07 17:10:27,0,,298.463,298.463,299.655,1,5,0,0,6.267,0,3,0,0,3.934,0,4,0,0,4.249,0,4,1.412,1.412,6.037,1,63,1.544,1.544,2.628,1,2,1.746,1.746,23.655,1,usa,1.769,1.769,5.784,1,usa,1,10.022,10.022,15.142,1,15,,,,,,,,,,,,,,,,,,,,,,,,,,,,,,,,,,,,,,,,,,,,,,,,,,,,,,,,,,,,,,,,,,,,,,,,,,-1,
FS_2OIxLLCCWKG3LiV,,Anonymous,,,45.36.240.95,0,2015-08-07 11:56:04,2015-08-07 17:56:04,0,,3.201,3.201,4.744,1,4,0,0,8.497,0,2,17.823,17.823,18.39,1,3,0,0,5.016,0,4,1.665,1.665,6.196,1,51,1.703,1.703,2.961,1,1,1.766,3.482,6.787,2,USA,7.382,14.556,15.012,2,USA,1,12.053,12.053,19.916,1,6,11.891,12.925,22.736,3,8,,,,,,,,,,,,,,,,,,,,,,,,,,,,,,,,,,,,,,,,,,,,,,,,,,,,,,,,,,,,,,,,,,,,,-1,
FS_BS0Xm6FKVgPb04N,,Anonymous,,,73.159.126.232,0,2015-08-12 07:17:18,2015-08-12 13:17:18,0,,9.414,9.414,11.721,1,3,4.131,4.617,9.143,2,2,0,0,3.776,0,5,0,0,3.047,0,5,1.242,1.242,3.868,1,32,12.35,12.35,14.12,1,2,1.176,1.176,4.845,1,USA,1.142,1.142,5.728,1,USA,1,3.957,3.957,8.454,1,2,5.791,5.791,10.799,1,2,7.335,7.335,13.501,1,4,5.976,6.423,30.751,2,9,43.659,43.659,47.535,1,a,17.294,17.294,18.924,1,4,,,,,,,,,,,,,,,,,,,,,,,,,,,,,,,,,,,,,,,,,,,,,,,,,-1,
FS_1mWxtx3S9ltmemR,,Anonymous,,,107.134.67.105,0,2015-08-12 07:05:54,2015-08-12 13:05:54,0,,3.286,3.286,4.481,1,3,0,0,6.117,0,3,0,0,2.579,0,4,0,0,2.447,0,5,0.848,0.848,2.413,1,39,1.008,1.008,1.822,1,2,0.758,0.758,3.069,1,USA,0.686,0.686,2.498,1,USA,1,5.39,13.138,16.741,2,10,5.693,5.693,8.119,1,15,1.224,8.402,10.243,4,5,0.937,0.937,58.011,1,8,32.462,32.462,35.319,1,C,7.148,7.148,7.845,1,3,,,,,,,,,,,,,,,,,,,,,,,,,,,,,,,,,,,,,,,,,,,,,,,,,-1,
FS_3PpOKAAtasPpX87,,Anonymous,,,98.109.212.199,0,2015-08-07 10:44:46,2015-08-07 16:44:46,0,,3.762,4.599,6.514,2,7,0,0,6.39,0,4,0,0,3.564,0,5,0,0,3.918,0,5,1.517,1.517,3.933,1,36,1.351,1.351,2.946,1,2,1.45,8.916,9.725,2,United States of America,3.874,3.874,9.635,1,United States of America,1,34.02,34.02,36.738,1,9,52.018,52.018,54.585,1,7,41.608,41.608,52.777,1,6,63.659,63.659,66.315,1,7,82.307,87.718,90.002,4,,,,,,,,,,,,,,,,,,,,,,,,,,,,,,,,,,,,,,,,,,,,,,,,,,,,,,,-1,
FS_1FnetQrDHCqYAy1,,Anonymous,,,71.75.34.150,0,2015-08-07 15:27:17,2015-08-07 21:27:17,0,581201555,1.78,1.78,3.695,1,5,0,0,4.46,0,3,2.275,2.612,4.482,2,5,0,0,3.268,0,5,1.315,1.315,3.465,1,45,1.502,1.502,3.153,1,1,1.023,1.023,4.856,1,US,1.559,1.559,7.375,1,US,1,13.322,14.7,22.626,3,20,11.596,11.596,17.727,1,25,5.774,20.882,24.551,3,6,8.69,11.696,17.557,2,25,30.943,34.277,40.341,4,e,11.731,11.731,14.745,1,4,,,,,,15.845,22.623,390.027,4,1,16.565,16.565,32.579,1,30,4.116,4.116,14.007,1,6,6.852,12.008,13.672,3,12,1.882,30.753,33.491,2,210,35.538,39.33,40.244,2,e,36.912,36.912,39.036,1,3,,,,,,,,,-1,
FS_2VDv6l9ReX6XQhg,,Anonymous,,,4.35.25.203,0,2015-08-12 10:40:53,2015-08-12 16:40:53,0,,2.234,2.234,3.1,1,3,0,0,3.285,0,1,2.179,2.179,2.463,1,5,1.315,2.386,3.291,2,5,9.889,10.208,11.727,2,26,0.773,0.773,1.421,1,2,0.752,0.752,2.546,1,usa,0.805,0.805,2.524,1,usa,,,,,,,,,,,,,,,,,,,,,,,,,,,,,,,,,,,,,,,,,,,,,,,,,,,,,,,,,,,,,,,,,,,,,,,,,,,,,,,,-1,
FS_32QO8CVtAkrP8Sb,,Anonymous,,,99.0.112.193,0,2015-08-11 22:07:33,2015-08-12 04:07:33,0,693968033,5.278,5.278,6.826,1,7,1.819,1.819,4.002,1,5,0,0,1.53,0,5,0,0,1.558,0,5,1.24,2.749,3.266,3,1,0.842,0.842,1.736,1,1,1.072,1.072,5.11,1,usa,0.721,0.721,2.547,1,usa,1,1.264,1.264,2.863,1,1,0.723,0.723,1.605,1,1,0.692,0.692,1.808,1,1,0.804,0.804,1.666,1,1,1.798,1.798,3.381,1,a,1.619,1.619,3.206,1,1,0,0,390.78,0,1,,,,,,0,0,91.204,0,,55.112,55.112,56.721,1,1,0.72,1.251,2.302,2,1,0.612,0.612,1.616,1,1,1.699,1.699,3.18,1,a,0.938,0.938,2.54,1,1,0,0,3.047,0,1,,,,-1,
FS_0Gr8PvwiHYSWKjv,,Anonymous,,,73.9.248.192,0,2015-08-07 20:12:48,2015-08-08 02:12:48,0,,3.472,5.163,5.723,2,3,3.081,3.081,4.839,1,1,3.464,3.924,5.133,2,5,2.221,2.221,3.484,1,5,1.112,1.56,5.836,2,25,1.233,2.241,2.571,2,1,1.182,1.182,6.417,1,USA,0.909,0.909,5.895,1,USA,1,,,,,,,,,,,,,,,,,,,,,,,,,,,,,,,,,,,,,,,,,,,,,,,,,,,,,,,,,,,,,,,,,,,,,,,,,,,,,,,-1,
FS_3Hi90WBOjVS0QaA,,Anonymous,,,54.148.44.119,0,2015-08-12 08:45:10,2015-08-12 14:45:10,0,,3.366,3.366,5.248,1,5,0,0,4.322,0,2,0,0,2.741,0,4,0,0,2.237,0,4,1.201,5.784,7.955,2,57,1.094,1.094,2.897,1,2,1.382,4.907,6.658,2,Usa,1.777,4.991,6.23,2,Usa,1,15.574,17.731,19.879,2,2,9.625,12.079,13.864,2,3,9.527,12.27,13.542,2,2,,,,,,,,,,,,,,,,,,,,,,,,,,,,,,,,,,,,,,,,,,,,,,,,,,,,,,,,,,,,,,,,-1,
FS_9TuG0IGhdaM3ToJ,,Anonymous,,,71.233.51.35,0,2015-08-11 23:46:21,2015-08-12 05:46:21,0,,2.757,2.757,4.49,1,3,0,0,14.76,0,3,0,0,3.132,0,5,0,0,4.42,0,5,1.015,1.015,6.785,1,32,1.326,1.326,2.235,1,1,1.409,1.409,6.074,1,USA,1.082,1.082,4.556,1,USA,1,5.785,65.855,90.162,4,,1.282,18.478,21.877,2,120,4.906,4.906,14.429,1,3,21.072,21.072,26.063,1,15,23.447,23.447,26.708,1,e,45.723,45.723,47.843,1,4,,,,,,,,,,,,,,,,,,,,,,,,,,,,,,,,,,,,,,,,,,,,,,,,,-1,
FS_1kUjTHA59JQIUeb,,Anonymous,,,50.148.17.24,0,2015-08-07 11:42:34,2015-08-07 17:42:34,0,,1.318,1.318,2.218,1,5,0,0,3.545,0,4,0,0,1.975,0,5,1.648,1.648,2.722,1,4,0.934,0.934,2.518,1,26,0.651,0.921,1.583,2,1,0.902,0.902,3.026,1,USA,0.836,2.275,2.511,2,USA,1,3.755,3.755,29.517,1,10,31.132,31.132,33.35,1,15,7.08,7.559,33.516,2,6,6.604,6.604,8.455,1,15,40.451,40.451,41.429,1,c,12.022,12.825,16.305,2,4,,,,,,,,,,,,,,,,,,,,,,,,,,,,,,,,,,,,,,,,,,,,,,,,,-1,
FS_3PBRXhl0zVnh35G,,Anonymous,,,74.71.193.174,0,2015-08-07 10:40:34,2015-08-07 16:40:34,0,,1.972,1.972,2.805,1,7,0,0,6.666,0,4,0,0,4.647,0,4,0,0,3.321,0,5,0.932,0.932,2.717,1,26,0.797,0.797,2.014,1,1,0.928,0.928,5.36,1,USA,0.735,0.735,4.378,1,USA,1,1.757,1.757,19.799,1,10,1.484,1.484,7.03,1,15,1.4,1.4,13.629,1,7,1.444,1.444,11.726,1,15,21.897,21.897,23.128,1,c,11.167,11.167,12.872,1,4,,,,,,,,,,,,,,,,,,,,,,,,,,,,,,,,,,,,,,,,,,,,,,,,,-1,
FS_12zmoepDBBK088C,,Anonymous,,,12.150.181.20,0,2015-08-07 14:23:16,2015-08-07 20:23:16,0,,1.804,1.804,3.261,1,4,0,0,6.171,0,4,0,0,4.041,0,4,0,0,3.386,0,5,0.974,0.974,3.44,1,42,0.901,0.901,1.557,1,1,1.148,1.148,6.573,1,America,1.338,1.338,5.403,1,America,1,16.837,16.837,19.646,1,2,7.773,7.773,12.095,1,2,50.958,50.958,61.222,1,6,,,,,,,,,,,,,,,,,,,,,,,,,,,,,,,,,,,,,,,,,,,,,,,,,,,,,,,,,,,,,,,,-1,
FS_1qfdnciCkpCweBY,,Anonymous,,,108.132.182.138,0,2015-08-07 10:37:13,2015-08-07 16:37:13,0,,2.161,2.161,3.894,1,5,0,0,5.94,0,3,0,0,12.854,0,5,0,0,3.491,0,5,1.288,1.288,3.485,1,43,1.03,1.03,1.825,1,2,1.207,1.207,3.988,1,usa,2.048,2.048,4.549,1,usa,1,6.153,6.153,34.142,1,10,43.992,43.992,46.499,1,15,34.53,34.53,36.803,1,8,,,,,,,,,,,,,,,,,,,,,,,,,,,,,,,,,,,,,,,,,,,,,,,,,,,,,,,,,,,,,,,,-1,
FS_3L1HWu8oOQfOvTx,,Anonymous,,,65.25.78.123,0,2015-08-12 07:50:17,2015-08-12 13:50:17,0,,1.458,1.458,2.26,1,5,0,0,7.083,0,2,0,0,3.223,0,4,0,0,3.445,0,5,1.032,1.032,3.086,1,38,0.881,0.881,1.704,1,1,0.946,0.946,6.144,1,USA,1.174,1.174,3.9,1,USA,1,1.776,12.784,17.799,2,4,1.846,1.846,12.173,1,4,1.448,1.448,22.821,1,5,1.272,1.272,20.75,1,6,25.295,25.295,27.471,1,c,20.915,20.915,21.939,1,5,,,,,,,,,,,,,,,,,,,,,,,,,,,,,,,,,,,,,,,,,,,,,,,,,-1,
FS_3GuY2epIOblIl5o,,Anonymous,,,75.146.172.161,0,2015-08-07 10:48:05,2015-08-07 16:48:05,0,,53.143,53.143,54.226,1,5,0,0,99.296,0,3,0,0,218.617,0,5,0,0,1.947,0,5,0.939,1.173,3.087,2,27,0.892,0.892,1.529,1,1,2.162,2.162,5.113,1,USA,0.928,0.928,3.204,1,USA,1,1.163,1.163,21.39,1,120,1.003,1.003,9.84,1,120,4.014,4.014,7.654,1,24,1.643,1.643,7.472,1,120,,,,,,,,,,,,,,,,,,,,,,,,,,,,,,,,,,,,,,,,,,,,,,,,,,,,,,,,,,,-1,
FS_2X1FNG9AvP4rcOi,,Anonymous,,,69.115.217.247,0,2015-08-12 08:43:57,2015-08-12 14:43:57,0,,2.267,2.267,3.426,1,5,4.076,4.076,5.728,1,2,10.499,12.335,12.825,2,4,0,0,3.564,0,4,1.505,1.505,3.807,1,27,1.543,1.543,2.251,1,2,1.316,2.481,5.155,3,USA,1.558,1.558,3.618,1,USA,1,86.346,88.395,88.804,2,9,28.21,28.21,30.061,1,6,20.02,20.02,21.853,1,6,16.361,16.361,18.511,1,6,,,,,,,,,,,,,,,,,,,,,,,,,,,,,,,,,,,,,,,,,,,,,,,,,,,,,,,,,,,-1,
FS_1q3CYRNFyEzyU9g,,Anonymous,,,71.246.97.218,0,2015-08-11 23:02:12,2015-08-12 05:02:12,0,,2.839,2.839,4.446,1,7,0,0,12.735,0,4,12.705,12.705,17.141,1,5,0,0,6.72,0,5,1.911,1.911,7.061,1,58,1.463,1.463,2.666,1,1,1.305,1.305,5.103,1,USA,1.439,1.439,4.617,1,USA,1,6.221,31.709,35.802,2,10,4.463,4.463,65.529,1,6,26.145,26.145,30.644,1,5,46.083,46.083,51.131,1,6,45.705,45.705,53.884,1,b,,,,,,,,,,,,,,,,,,,,,,,,,,,,,,,,,,,,,,,,,,,,,,,,,,,,,,-1,
FS_6KdhjAttWNqMHaF,,Anonymous,,,70.192.194.100,0,2015-08-07 11:29:57,2015-08-07 17:29:57,0,,2.173,2.173,3.361,1,5,0,0,4.859,0,3,0,0,3.803,0,5,2.23,6.632,7.276,3,5,1.149,1.149,2.665,1,41,0.979,0.979,1.626,1,1,0.791,0.791,4.704,1,PHILIPPINES,0.977,0.977,2.707,1,USA,1,8.153,8.153,63.672,1,20,0,0,5.773,0,,,,,,,,,,,,,,,,,,,,,,,,,,,,,,,,,,,,,,,,,,,,,,,,,,,,,,,,,,,,,,,,,,,,,,-1,
FS_22QxZaGjSUHo1Su,,Anonymous,,,69.248.19.29,0,2015-08-07 14:29:19,2015-08-07 20:29:19,0,,66.491,66.491,68.467,1,5,2.558,3.416,8.392,2,3,3.151,3.151,5.631,1,5,0,0,2.383,0,5,1.106,1.106,3.266,1,31,0.977,0.977,1.936,1,1,1.518,1.518,5.994,1,USA,1.062,1.062,3.75,1,USA,1,2.029,3.635,15.624,3,10,11.492,24.481,55.496,2,3,9.635,11.87,14.573,2,3,13.77,13.77,16.256,1,15,,,,,,,,,,,,,,,,,,,,,,,,,,,,,,,,,,,,,,,,,,,,,,,,,,,,,,,,,,,-1,
FS_27yvUkg6fGqpUBp,,Anonymous,,,73.8.31.144,0,2015-08-11 23:30:36,2015-08-12 05:30:36,0,,2.366,2.366,4.902,1,3,0,0,6.797,0,2,0,0,4.301,0,5,2.688,6.169,8.919,5,4,1.55,1.55,6.373,1,55,1.097,1.097,1.949,1,2,1.139,1.139,5.587,1,USA,1.449,1.449,9.35,1,USA,1,33.487,33.487,37.879,1,10,3.848,3.848,25.063,1,6,22.048,22.048,25.096,1,7,36.722,36.722,90.506,1,7,0,0,90.976,0,,0,0,90.962,0,,,,,,,,,,,,,,,,,,,,,,,,,,,,,,,,,,,,,,,,,,,,,,,,,,-1,
FS_2xJMNJw6uAap9PH,,Anonymous,,,98.239.227.91,0,2015-08-12 07:17:27,2015-08-12 13:17:27,0,,1.899,1.899,3.554,1,4,6.112,6.951,10.099,2,3,0,0,4.047,0,5,1.709,3.106,4.256,2,5,0.995,0.995,3.416,1,38,1.186,2.062,2.547,2,2,0.923,0.923,4.367,1,usa,1.639,1.639,5.099,1,usa,1,3.462,39.498,41.434,6,3,14.678,14.678,16.703,1,2,0.894,0.894,8.154,1,1,1.362,1.362,8.783,1,3,,,,,,,,,,,,,,,,,,,,,,,,,,,,,,,,,,,,,,,,,,,,,,,,,,,,,,,,,,,-1,
FS_1ONWsynjchQ1eLt,,Anonymous,,,68.48.128.139,0,2015-08-07 11:14:45,2015-08-07 17:14:45,0,,428.596,428.596,429.831,1,3,0,0,3.579,0,4,2.338,3.974,4.256,2,5,2.403,2.403,2.844,1,5,1.065,1.964,2.553,2,21,0.963,0.963,1.642,1,2,1.058,1.058,3.152,1,USA,1.095,2.185,3.635,2,USA,1,4.388,24.97,26.946,2,10,4.554,7.529,8.018,2,15,1.62,1.62,4.485,1,8,1.412,1.412,2.882,1,15,31.273,32.287,33.36,3,b,2.594,7.433,8.839,3,4,,,,,,,,,,,,,,,,,,,,,,,,,,,,,,,,,,,,,,,,,,,,,,,,,-1,
FS_1q1VWatB2ahRVrZ,,Anonymous,,,24.149.107.214,0,2015-08-07 10:40:15,2015-08-07 16:40:15,0,,9.682,9.682,11,1,4,8.684,8.684,10.069,1,3,0,0,6.611,0,5,0,0,1.992,0,5,0.896,0.896,2.88,1,31,2.659,2.659,3.488,1,2,4.488,4.488,8.11,1,USA,0.939,0.939,4.034,1,USA,1,2.682,79.36,82.426,5,120,0,0,90.005,0,,0.414,14.399,33.351,2,12,1.613,11.771,29.304,3,3,28.9,28.9,35.486,1,A,35.807,35.807,36.943,1,2,,,,,,,,,,,,,,,,,,,,,,,,,,,,,,,,,,,,,,,,,,,,,,,,,-1,
FS_aWTBowkZe9hLfmV,,Anonymous,,,184.57.127.183,0,2015-08-12 06:43:52,2015-08-12 12:43:52,0,,2.623,2.623,4.629,1,5,0,0,9.422,0,3,0,0,5.9,0,5,0,0,3.638,0,5,1.197,1.197,4.482,1,62,1.023,1.023,2.099,1,2,1.299,1.299,5.235,1,USA,1.106,1.637,5.368,2,USA,1,7.665,49.521,56.115,2,10,16.963,16.963,33.853,1,6,44.556,44.556,48.776,1,8,,,,,,,,,,,,,,,,,,,,,,,,,,,,,,,,,,,,,,,,,,,,,,,,,,,,,,,,,,,,,,,,-1,
FS_2uKh92hR4Sj7Tct,,Anonymous,,,50.13.112.73,0,2015-08-07 21:04:02,2015-08-08 03:04:02,0,,2.823,2.823,3.867,1,5,0,0,5.19,0,4,0,0,4.465,0,4,0,0,5.605,0,5,1.319,1.319,3.57,1,60,1.266,1.266,2.236,1,1,1.224,1.224,4.103,1,USA,1.278,1.278,3.708,1,USA,1,5.816,31.672,34.893,3,10,16.999,20.86,26.986,3,10,,,,,,,,,,,,,,,,,,,,,,,,,,,,,,,,,,,,,,,,,,,,,,,,,,,,,,,,,,,,,,,,,,,,,-1,
FS_2E9J3A2Xa3du4La,,Anonymous,,,97.84.173.192,0,2015-08-07 10:41:42,2015-08-07 16:41:42,0,,1.809,1.809,5.173,1,3,0,0,5.712,0,4,0,0,3.032,0,5,0,0,3.163,0,5,1.276,1.702,4.597,2,38,0.764,0.764,1.763,1,1,1.065,1.065,4.846,1,United States,0.785,0.785,5.321,1,United States,1,33.328,33.328,36.425,1,10,6.394,6.394,21.633,1,15,22.675,22.675,29.067,1,6,41.299,41.299,43.811,1,7,0,0,90.007,0,,32.046,32.046,34.408,1,5,,,,,,,,,,,,,,,,,,,,,,,,,,,,,,,,,,,,,,,,,,,,,,,,,-1,
FS_32SorMu9J3r1tyI,,Anonymous,,,172.74.178.134,0,2015-08-07 22:52:02,2015-08-08 04:52:02,0,991211921,6.333,6.333,8.341,1,5,0,0,5.472,0,4,0,0,3.347,0,5,0,0,3.652,0,5,1.197,1.197,4.021,1,27,2.079,2.079,3.853,1,1,1.554,1.554,8.633,1,United States of America,1.237,1.237,6.452,1,United States of America,1,11.795,19.192,20.653,2,1,11.51,11.51,34.31,1,3,5.416,41.271,44.694,2,6,6.724,86.763,88.712,4,10,52.354,52.354,60.331,1,c,41.857,41.857,43.255,1,5,,,,,,0,0,389.963,0,1,7.81,7.81,20.807,1,12,28.327,29.044,31.149,2,2,8.401,33.245,35.415,2,6,4.815,4.815,39.344,1,210,56.127,56.127,76.837,1,e,55.952,55.952,57.26,1,3,,,,,,,,,-1,
FS_22PKtVCPJN7ij4n,,Anonymous,,,76.1.241.151,0,2015-08-12 07:48:12,2015-08-12 13:48:12,0,,14.061,19.797,21.824,4,3,11.244,15.572,19.985,3,3,0,0,4.174,0,5,0,0,7.976,0,5,1.375,1.375,4.322,1,51,1.261,1.261,2.544,1,2,11.708,11.708,15.154,1,USA,2.808,2.808,6.288,1,USA,1,4.871,29.144,34.404,4,2,7.119,24.473,29.022,3,3,16.088,16.82,19.774,2,2,18.653,18.653,22.671,1,3,16.502,70.79,73.398,2,a,41.952,62.854,68.839,3,5,17.377,167.327,390.049,5,1,,,,,,,,,,,,,,,,,,,,,,,,,,,,,,,,,,,,,,,,,,,,-1,
FS_2zeeJQjlofCjdmc,,Anonymous,,,24.115.141.72,0,2015-08-07 12:29:24,2015-08-07 18:29:24,0,,3.697,3.697,5.268,1,5,0,0,5.366,0,3,0,0,5.149,0,5,0,0,5.01,0,5,0.994,2.746,3.137,2,33,2.478,2.478,6.794,1,2,19.189,19.189,44.186,1,United States,1.009,8.272,11.617,3,United States,1,2.185,14.796,16.374,3,14,5.649,5.649,13.569,1,3,13.34,13.34,15.511,1,6,4.567,23.871,24.554,4,8,47.232,47.232,49.457,1,e,21.459,21.459,22.563,1,2,,,,,,,,,,,,,,,,,,,,,,,,,,,,,,,,,,,,,,,,,,,,,,,,,-1,
FS_3nkCFrLYZcRcPL6,,Anonymous,,,98.216.86.25,0,2015-08-11 23:00:02,2015-08-12 05:00:02,0,,2.926,2.926,5.399,1,5,0,0,11.995,0,3,0,0,3.955,0,5,0,0,4.038,0,5,1.465,1.465,3.267,1,45,1.122,1.122,1.94,1,2,1.185,1.185,5.187,1,Syria,0.864,0.864,3.826,1,USA,1,2.468,15.964,85.404,4,10,1.501,86.933,90.006,2,,1.895,1.895,47.602,1,6,1.562,1.576,73.503,2,8,62.115,62.115,64.315,1,b,64.833,64.833,67.583,1,4,,,,,,,,,,,,,,,,,,,,,,,,,,,,,,,,,,,,,,,,,,,,,,,,,-1,
FS_xfnXK7GqtCLeJTX,,Anonymous,,,204.16.9.53,0,2015-08-07 10:39:05,2015-08-07 16:39:05,0,,3.485,3.485,6.124,1,5,4.518,4.863,13.228,2,2,0,0,11.853,0,5,0,0,6.007,0,5,1.741,1.741,11.436,1,31,1.548,1.548,3.893,1,2,1.644,1.644,10.257,1,United States,2.085,2.085,12.345,1,United States,1,14.062,23.512,27.266,3,2,8.142,8.142,15.825,1,1,16.863,16.863,23.57,1,2,9.155,17.983,21.403,4,1,0.631,32.487,39.743,7,d,,,,,,,,,,,,,,,,,,,,,,,,,,,,,,,,,,,,,,,,,,,,,,,,,,,,,,-1,
FS_OxsVrXByDBussI9,,Anonymous,,,162.192.135.45,0,2015-08-12 09:58:17,2015-08-12 15:58:17,0,908504448,2.149,2.149,3.396,1,4,0,0,5.731,0,3,2.962,2.978,4.657,2,5,0,0,2.968,0,5,1.06,1.563,5.589,5,33,2.587,2.587,6.647,1,2,11.034,11.034,36.842,1,United States,2.423,2.423,11.242,1,united states,1,17.201,31.419,33.786,6,10,8.673,8.673,11.427,1,15,1.36,1.36,13.756,1,8,1.596,2.27,4.687,2,15,19.829,19.829,35.589,1,c,30.35,30.35,32.12,1,1,0,0,390.977,0,1,,,,,,0,0,91.275,0,,28.452,28.452,33.078,1,9,1.67,2.047,5.124,2,8,0.847,0.847,5.534,1,21,2.589,2.589,11.834,1,e,10,10,11.093,1,2,0,0,1.247,0,1,,,,-1,
FS_3IXiiHGUUOtYl8h,,Anonymous,,,117.207.253.12,0,2015-08-07 11:10:16,2015-08-07 17:10:16,0,,2.744,234.44,235.513,2,5,0,0,41.221,0,3,0,0,4.996,0,4,0,0,4.399,0,3,1.461,1.461,4.341,1,27,1.192,1.192,2.008,1,1,1.456,1.456,5.233,1,India,1.147,1.147,4.891,1,India,1,10.423,10.423,16.959,1,1,11.061,11.061,38.683,1,1,8.97,8.97,35.515,1,2,15.006,15.006,23.248,1,3,81.067,81.067,83.512,1,a,41.543,41.543,42.8,1,4,,,,,,27.253,266.492,390.01,5,1,23.789,41.364,47.212,2,30,42.832,49.112,51.241,2,3,21.482,41.658,58.098,3,4,50.021,82.326,88.39,4,30,,,,,,,,,,,,,,,,,,,-1,
FS_2BaPlrxusngnsl6,,Anonymous,,,14.96.105.134,0,2015-08-07 12:27:47,2015-08-07 18:27:47,0,,1.902,5.633,6.786,4,5,3.883,3.883,7.079,1,2,0,0,3.816,0,5,0,0,3.273,0,4,1.827,1.827,3.624,1,33,1.56,1.56,2.655,1,1,1.872,1.872,4.381,1,india,1.647,2.15,4.675,2,india,1,2.042,8.175,37.166,4,2,2.85,23.523,28.497,2,1,14.208,31.182,34.429,6,1,4.299,66.504,67.228,13,3,1.236,57.247,59.286,15,b,3.903,73.923,75.667,15,5,,,,,,,,,,,,,,,,,,,,,,,,,,,,,,,,,,,,,,,,,,,,,,,,,-1,
FS_3PWRpS0UsBySEtI,,Anonymous,,,117.206.142.204,0,2015-08-07 11:27:26,2015-08-07 17:27:26,0,,34.414,34.414,38.547,1,6,0,0,7.556,0,4,0,0,3.395,0,5,0,0,2.583,0,5,1.455,1.455,3.344,1,32,0.987,0.987,1.949,1,1,1.375,1.375,9.134,1,India,1.626,1.626,5.545,1,India,1,5.36,5.36,34.972,1,2,1.394,1.394,16.896,1,1,15.55,15.55,18.976,1,1,10.575,10.575,13.082,1,3,26.91,26.91,29.8,1,e,35.14,35.14,36.304,1,2,0,0,226.837,0,1,,,,,,2.187,2.187,14.267,1,36,,,,,,,,,,,,,,,,,,,,,,,,,,,,,,,,,,-1,
